accuracy,precision,recall,f1_score
0.9776980510035878,0.9694474935967801,0.9882506527415144,0.9787587735500554
