{
    "acuracia": 0.9754956430200596,
    "precisao": 0.9727958046542118,
    "recall": 0.9812651531849239,
    "f1_score": 0.9770121248696988,
    "auc": 0.9811740984648893
}