{
    "acuracia": 0.9734487396923797,
    "precisao": 0.9748788012340238,
    "recall": 0.9750936742340753,
    "f1_score": 0.9749862258953168,
    "auc": 0.9838474378543468
}