accuracy,precision,recall,f1_score
0.9786677009599535,0.9741792696421985,0.9850801939574786,0.9795994065281899
